{
    "MIN-SR-S": {
        "errors": [
            0.08446537094737497,
            0.02891511011839226,
            0.009359670441056173,
            0.0017675799093321094,
            0.0005909668233092055,
            0.000306143216765387,
            0.0002337400892894797
        ],
        "costs": [
            0.9752397537231445,
            1.5291516780853271,
            2.4031898975372314,
            4.854462146759033,
            7.893767356872559,
            15.199107885360718,
            35.19144558906555
        ]
    },
    "MIN-SR-S_MPI": {
        "errors": [
            0.08446537106419487,
            0.028915109678786025,
            0.00935967050769007,
            0.0017675799045971865,
            0.0005909666985126798,
            0.0003061431833988446,
            0.00023374006937152005
        ],
        "costs": [
            0.327730655670166,
            0.5010201930999756,
            0.7522416114807129,
            1.5414834022521973,
            2.3344194889068604,
            4.074150085449219,
            10.160308122634888
        ]
    },
    "MIN-SR-FLEX": {
        "errors": [
            0.03961908028763937,
            0.003963578959233919,
            0.0003691116001822194,
            7.944059091555469e-05,
            0.00015503113030299905,
            0.00019389551968445538,
            0.00021499305226875678
        ],
        "costs": [
            1.2781708240509033,
            1.6502108573913574,
            2.552668333053589,
            5.057770013809204,
            8.727833271026611,
            15.858268976211548,
            38.207245111465454
        ]
    },
    "MIN-SR-FLEX_MPI": {
        "errors": [
            0.03961908010579853,
            0.003964059881633282,
            0.0003691115106070605,
            7.94406499361501e-05,
            0.00015503115406990015,
            0.00019389561909587447,
            0.00021499306618857255
        ],
        "costs": [
            0.5572898387908936,
            0.6142678260803223,
            0.8634381294250488,
            1.6381163597106934,
            2.969147205352783,
            4.86967134475708,
            12.136021375656128
        ]
    },
    "VDHS": {
        "errors": [
            0.5345708075891601,
            0.20140479812575454,
            0.05620974256627712,
            0.008404588766557962,
            0.0016989846252961774,
            0.00016807940141687374,
            0.0001875379340551794
        ],
        "costs": [
            1.2595515251159668,
            1.8388524055480957,
            2.7718563079833984,
            5.170547246932983,
            9.220052480697632,
            15.198433876037598,
            36.616854667663574
        ]
    },
    "VDHS_MPI": {
        "errors": [
            0.5345708077129743,
            0.2014047980511802,
            0.056209742298451895,
            0.0084045887253569,
            0.001698984580450411,
            0.00016807941468539286,
            0.0001875379224585031
        ],
        "costs": [
            0.4351925849914551,
            0.630584716796875,
            0.858457088470459,
            1.5588116645812988,
            2.849358081817627,
            4.095851898193359,
            10.163822889328003
        ]
    },
    "ESDIRK43": {
        "errors": [
            0.22484823728586387,
            0.018644034062360124,
            0.0013501854062157983,
            0.00023722708007943585,
            0.00022105426812846953,
            0.00022273332127340696,
            0.0002235453435056003
        ],
        "costs": [
            0.49336743354797363,
            0.7599084377288818,
            1.2564899921417236,
            2.5580623149871826,
            4.78606653213501,
            9.57835078239441,
            16.35263991355896
        ]
    },
    "LU": {
        "errors": [
            0.0048080489209774285,
            0.0006654206107703006,
            0.00026623686663334385,
            0.0002278193055409893,
            0.0002251848068728332,
            0.000224433969255424,
            0.0002295136162850787
        ],
        "costs": [
            0.9455454349517822,
            1.4841115474700928,
            2.4991953372955322,
            4.7198779582977295,
            7.599146366119385,
            15.103773593902588,
            35.04678988456726
        ]
    }
}