{
    "0.0": [
        0.25,
        0.25,
        0.0,
        0.19634954084936207,
        0.19634954084936207,
        0.0
    ],
    "0.001": [
        0.25,
        0.25,
        0.0,
        0.19634954084936207,
        0.19634954084936207,
        0.0
    ],
    "0.002": [
        0.24999999963920996,
        0.25,
        1.4431601469411248e-09,
        0.19634954028263446,
        0.19634954084936207,
        2.8863200129434828e-09
    ],
    "0.003": [
        0.24999999963921002,
        0.25,
        1.44315992489652e-09,
        0.1963495402826345,
        0.19634954084936207,
        2.886319871585497e-09
    ],
    "0.004": [
        0.2499999996240166,
        0.25,
        1.5039336442868034e-09,
        0.19634954025876872,
        0.19634954084936207,
        3.0078672425023773e-09
    ],
    "0.005": [
        0.24999999959846023,
        0.25,
        1.6061590946137017e-09,
        0.19634954021862489,
        0.19634954084936207,
        3.2123181035983706e-09
    ],
    "0.006": [
        0.2499999995749053,
        0.25,
        1.7003788377323303e-09,
        0.19634954018162487,
        0.19634954084936207,
        3.4007576283539194e-09
    ],
    "0.007": [
        0.24999999955077443,
        0.25,
        1.7969022936270562e-09,
        0.19634954014372022,
        0.19634954084936207,
        3.593804433942043e-09
    ],
    "0.008": [
        0.24999999952609114,
        0.25,
        1.8956354264076936e-09,
        0.19634954010494773,
        0.19634954084936207,
        3.791271079673515e-09
    ],
    "0.009000000000000001": [
        0.24999999952609114,
        0.25,
        1.8956354264076936e-09,
        0.19634954010494776,
        0.19634954084936207,
        3.791270938315529e-09
    ],
    "0.010000000000000002": [
        0.24999999952609114,
        0.25,
        1.8956354264076936e-09,
        0.19634954010494776,
        0.19634954084936207,
        3.791270938315529e-09
    ],
    "0.011000000000000003": [
        0.24999999952655444,
        0.25,
        1.8937822421349892e-09,
        0.19634954010567554,
        0.19634954084936207,
        3.787564390568744e-09
    ],
    "0.012000000000000004": [
        0.24999999952705826,
        0.25,
        1.8917669653006897e-09,
        0.19634954010646694,
        0.19634954084936207,
        3.783533850318408e-09
    ],
    "0.013000000000000005": [
        0.2499999995275891,
        0.25,
        1.8896435527437916e-09,
        0.1963495401073008,
        0.19634954084936207,
        3.779287032349732e-09
    ],
    "0.014000000000000005": [
        0.24999999952813023,
        0.25,
        1.8874790619349824e-09,
        0.19634954010815076,
        0.19634954084936207,
        3.774958226749267e-09
    ],
    "0.015000000000000006": [
        0.24999999952867727,
        0.25,
        1.8852909233757487e-09,
        0.1963495401090101,
        0.19634954084936207,
        3.770581642149587e-09
    ],
    "0.016000000000000007": [
        0.24999999952922738,
        0.25,
        1.8830904613409416e-09,
        0.19634954010987413,
        0.19634954084936207,
        3.7661811680503005e-09
    ],
    "0.017000000000000008": [
        0.24999999952922738,
        0.25,
        1.8830904613409416e-09,
        0.19634954010987413,
        0.19634954084936207,
        3.7661811680503005e-09
    ],
    "0.01800000000000001": [
        0.2499999995292693,
        0.25,
        1.882922817664223e-09,
        0.19634954010994002,
        0.19634954084936207,
        3.765845584191909e-09
    ],
    "0.01900000000000001": [
        0.2499999995293113,
        0.25,
        1.8827548409205974e-09,
        0.1963495401100059,
        0.19634954084936207,
        3.765510000333518e-09
    ],
    "0.02000000000000001": [
        0.2499999995293532,
        0.25,
        1.882587197243879e-09,
        0.19634954011007183,
        0.19634954084936207,
        3.765174275117142e-09
    ],
    "0.02100000000000001": [
        0.24999999952939514,
        0.25,
        1.882419442544858e-09,
        0.19634954011013772,
        0.19634954084936207,
        3.764838691258751e-09
    ],
    "0.022000000000000013": [
        0.2499999995294371,
        0.25,
        1.882251576823535e-09,
        0.1963495401102036,
        0.19634954084936207,
        3.76450310740036e-09
    ],
    "0.023000000000000013": [
        0.24999999952947904,
        0.25,
        1.882083822124514e-09,
        0.1963495401102695,
        0.19634954084936207,
        3.764167523541969e-09
    ],
    "0.024000000000000014": [
        0.249999999529521,
        0.25,
        1.8819159564031906e-09,
        0.1963495401103354,
        0.19634954084936207,
        3.763831939683578e-09
    ],
    "0.025000000000000015": [
        0.249999999529521,
        0.25,
        1.8819159564031906e-09,
        0.1963495401103354,
        0.19634954084936207,
        3.763831939683578e-09
    ],
    "0.026000000000000016": [
        0.24999999952952695,
        0.25,
        1.8818921976304637e-09,
        0.19634954011034472,
        0.19634954084936207,
        3.763784443400335e-09
    ],
    "0.027000000000000017": [
        0.24999999952953283,
        0.25,
        1.8818686609023416e-09,
        0.196349540110354,
        0.19634954084936207,
        3.763737229833063e-09
    ],
    "0.028000000000000018": [
        0.24999999952953875,
        0.25,
        1.881845013151917e-09,
        0.1963495401103633,
        0.19634954084936207,
        3.763689874907806e-09
    ],
    "0.02900000000000002": [
        0.2499999995295447,
        0.25,
        1.88182125437919e-09,
        0.1963495401103726,
        0.19634954084936207,
        3.763642519982549e-09
    ],
    "0.03000000000000002": [
        0.24999999952955054,
        0.25,
        1.8817978286733705e-09,
        0.19634954011038186,
        0.19634954084936207,
        3.763595306415278e-09
    ],
    "0.03100000000000002": [
        0.24999999952955654,
        0.25,
        1.8817738478560386e-09,
        0.19634954011039116,
        0.19634954084936207,
        3.76354795149002e-09
    ],
    "0.03200000000000002": [
        0.2499999995295624,
        0.25,
        1.881750422150219e-09,
        0.19634954011040043,
        0.19634954084936207,
        3.763500737922749e-09
    ]
}