{
    "0.0": [
        0.25,
        0.25,
        0.0,
        0.19634954084936207,
        0.19634954084936207,
        0.0
    ],
    "0.001": [
        0.24612602941913805,
        0.24596747752497686,
        0.0006446051151014308,
        0.19031147000772997,
        0.19006635554218249,
        0.0012896257459573404
    ],
    "0.002": [
        0.24216239593880381,
        0.24186773244895646,
        0.0012182835918782312,
        0.18423124305024569,
        0.18378317023500287,
        0.002438051398666496
    ],
    "0.003": [
        0.238111439514171,
        0.23769728648009425,
        0.0017423549095139743,
        0.1781190597227448,
        0.17749998492782332,
        0.003487745619658621
    ],
    "0.004": [
        0.23397742852239586,
        0.23345235059857505,
        0.002249186707585095,
        0.17198786287882714,
        0.17121679962064373,
        0.0045034322560158395
    ],
    "0.005": [
        0.22976109873915465,
        0.229128784747792,
        0.0027596445032371576,
        0.1658451866724076,
        0.16493361431346412,
        0.005526904644258866
    ],
    "0.006": [
        0.22546031325766602,
        0.22472205054244232,
        0.003285225964437658,
        0.1596945462915799,
        0.15865042900628457,
        0.00658124463851255
    ],
    "0.007": [
        0.22107111603381918,
        0.22022715545545243,
        0.0038322275771185015,
        0.15353729326590762,
        0.15236724369910498,
        0.0076791411224400325
    ],
    "0.008": [
        0.21658834680232128,
        0.21563858652847825,
        0.004404407806288397,
        0.1473737197828555,
        0.14608405839192537,
        0.008828214420700977
    ],
    "0.009000000000000001": [
        0.21200590402115896,
        0.21095023109728986,
        0.005004369601198613,
        0.14120360469695548,
        0.13980087308474579,
        0.010033782917502733
    ],
    "0.010000000000000002": [
        0.20731679074976045,
        0.206155281280883,
        0.005634148500396191,
        0.13502644307429196,
        0.1335176877775662,
        0.011300040630116862
    ],
    "0.011000000000000003": [
        0.20251306023527532,
        0.20124611797498104,
        0.006295486705744981,
        0.12884155141250114,
        0.1272345024703866,
        0.012630606564352213
    ],
    "0.012000000000000004": [
        0.19758566942529526,
        0.19621416870348582,
        0.00698981490924859,
        0.12264808118369432,
        0.120951317163207,
        0.014028487330962774
    ],
    "0.013000000000000005": [
        0.1925242776063206,
        0.19104973174542797,
        0.007718125785475835,
        0.11644500870586875,
        0.11466813185602742,
        0.015495821036591981
    ],
    "0.014000000000000005": [
        0.18731697703267822,
        0.18574175621006708,
        0.008480703826390107,
        0.11023110310938143,
        0.10838494654884782,
        0.01703332999017134
    ],
    "0.015000000000000006": [
        0.18194993317046515,
        0.18027756377319942,
        0.009276636328243673,
        0.1040048695239758,
        0.10210176124166824,
        0.018639328638053745
    ],
    "0.016000000000000007": [
        0.17640691240716078,
        0.17464249196572976,
        0.010103042057927421,
        0.09776447448151042,
        0.09581857593448864,
        0.020308155574678875
    ],
    "0.017000000000000008": [
        0.17066864113313202,
        0.1688194301613413,
        0.010953780438800345,
        0.09150763557941004,
        0.08953539062730906,
        0.022027546183502413
    ],
    "0.01800000000000001": [
        0.16471191978778923,
        0.162788205960997,
        0.011817280099844264,
        0.08523146059156443,
        0.08325220532012946,
        0.023774208308646558
    ],
    "0.01900000000000001": [
        0.15850838703173128,
        0.1565247584249852,
        0.01267293830513556,
        0.07893222878064841,
        0.07696902001294986,
        0.025506479975557
    ],
    "0.02000000000000001": [
        0.1520227017663564,
        0.14999999999999994,
        0.013484678442376446,
        0.07260503947715408,
        0.07068583470577028,
        0.027151193437447346
    ],
    "0.02100000000000001": [
        0.14520982490931436,
        0.14317821063276345,
        0.014189409600611493,
        0.06624328732918724,
        0.06440264939859068,
        0.028580158546037127
    ],
    "0.022000000000000013": [
        0.13801077216837299,
        0.13601470508735433,
        0.01467537704645021,
        0.05983783118665978,
        0.0581194640914111,
        0.029566120784355665
    ],
    "0.023000000000000013": [
        0.1303456659934782,
        0.1284523257866512,
        0.01473963351953375,
        0.05337563607268367,
        0.0518362787842315,
        0.02969652383535756
    ],
    "0.024000000000000014": [
        0.12210178242031768,
        0.12041594578792283,
        0.014000111209224274,
        0.046837518774425685,
        0.04555309347705191,
        0.028196225532319263
    ],
    "0.025000000000000015": [
        0.11311173147060571,
        0.11180339887498934,
        0.01170208248390781,
        0.040194365150478126,
        0.03926990816987232,
        0.023541103702275724
    ],
    "0.026000000000000016": [
        0.10311116319397239,
        0.10246950765959582,
        0.006261916828059176,
        0.033401136554945664,
        0.032986722862692726,
        0.012563045258479764
    ],
    "0.027000000000000017": [
        0.09165372291735188,
        0.09219544457292869,
        0.0058757963377279,
        0.02639065039833654,
        0.026703537555513135,
        0.011717067692853233
    ],
    "0.028000000000000018": [
        0.07795737902383948,
        0.08062257748298528,
        0.03305771835077173,
        0.01909256736298015,
        0.020420352248333544,
        0.06502262395898438
    ],
    "0.02900000000000002": [
        0.060904655082226436,
        0.06708203932499342,
        0.09208700726642059,
        0.011653351566162772,
        0.014137166941153951,
        0.17569399762555515
    ],
    "0.03000000000000002": [
        0.04105358598052267,
        0.04999999999999961,
        0.17892828038954023,
        0.005294830588098752,
        0.007853981633974359,
        0.3258412312559224
    ],
    "0.03100000000000002": [
        0.023946923328315415,
        0.022360679774996978,
        0.07093896828181967,
        0.001801562445223918,
        0.0015707963267947672,
        0.14691027378452848
    ],
    "0.03200000000000002": [
        0.013107311845172675,
        0.0,
        1.0,
        0.0005397307192256241,
        0.0,
        1.0
    ]
}