{
    "0.0": [
        0.25,
        0.25,
        0.0,
        0.19634954084936207,
        0.19634954084936207,
        0.0
    ],
    "0.001": [
        0.25,
        0.25,
        0.0,
        0.19634954084936207,
        0.19634954084936207,
        0.0
    ],
    "0.002": [
        0.24999999963920996,
        0.25,
        1.4431601469411248e-09,
        0.19634954028263446,
        0.19634954084936207,
        2.8863200129434828e-09
    ],
    "0.003": [
        0.24999999963920996,
        0.25,
        1.4431601469411248e-09,
        0.19634954028263446,
        0.19634954084936207,
        2.8863200129434828e-09
    ],
    "0.004": [
        0.2499999996240166,
        0.25,
        1.5039336442868034e-09,
        0.19634954025876872,
        0.19634954084936207,
        3.0078672425023773e-09
    ],
    "0.005": [
        0.24999999959846023,
        0.25,
        1.6061590946137017e-09,
        0.19634954021862489,
        0.19634954084936207,
        3.2123181035983706e-09
    ],
    "0.006": [
        0.24999999957490535,
        0.25,
        1.7003786156877254e-09,
        0.19634954018162493,
        0.19634954084936207,
        3.4007573456379475e-09
    ],
    "0.007": [
        0.24999999955077443,
        0.25,
        1.7969022936270562e-09,
        0.19634954014372022,
        0.19634954084936207,
        3.593804433942043e-09
    ],
    "0.008": [
        0.24999999952609114,
        0.25,
        1.8956354264076936e-09,
        0.19634954010494776,
        0.19634954084936207,
        3.791270938315529e-09
    ],
    "0.009000000000000001": [
        0.24999999952609114,
        0.25,
        1.8956354264076936e-09,
        0.19634954010494776,
        0.19634954084936207,
        3.791270938315529e-09
    ],
    "0.010000000000000002": [
        0.24999999952609114,
        0.25,
        1.8956354264076936e-09,
        0.19634954010494776,
        0.19634954084936207,
        3.791270938315529e-09
    ],
    "0.011000000000000003": [
        0.2499999995265545,
        0.25,
        1.8937820200903843e-09,
        0.1963495401056756,
        0.19634954084936207,
        3.787564107852773e-09
    ],
    "0.012000000000000004": [
        0.24999999952705826,
        0.25,
        1.8917669653006897e-09,
        0.1963495401064669,
        0.19634954084936207,
        3.783533991676394e-09
    ],
    "0.013000000000000005": [
        0.2499999995275891,
        0.25,
        1.8896435527437916e-09,
        0.1963495401073008,
        0.19634954084936207,
        3.779287032349732e-09
    ],
    "0.014000000000000005": [
        0.24999999952813023,
        0.25,
        1.8874790619349824e-09,
        0.1963495401081508,
        0.19634954084936207,
        3.774957944033295e-09
    ],
    "0.015000000000000006": [
        0.24999999952867727,
        0.25,
        1.8852909233757487e-09,
        0.1963495401090101,
        0.19634954084936207,
        3.770581642149587e-09
    ],
    "0.016000000000000007": [
        0.24999999952922738,
        0.25,
        1.8830904613409416e-09,
        0.19634954010987415,
        0.19634954084936207,
        3.7661810266923146e-09
    ],
    "0.017000000000000008": [
        0.24999999952922738,
        0.25,
        1.8830904613409416e-09,
        0.19634954010987415,
        0.19634954084936207,
        3.7661810266923146e-09
    ],
    "0.01800000000000001": [
        0.24999999952926935,
        0.25,
        1.8829225956196183e-09,
        0.19634954010994005,
        0.19634954084936207,
        3.765845442833923e-09
    ],
    "0.01900000000000001": [
        0.2499999995293113,
        0.25,
        1.8827548409205974e-09,
        0.19634954011000594,
        0.19634954084936207,
        3.765509858975532e-09
    ],
    "0.02000000000000001": [
        0.24999999952935326,
        0.25,
        1.882586975199274e-09,
        0.19634954011007186,
        0.19634954084936207,
        3.765174133759156e-09
    ],
    "0.02100000000000001": [
        0.2499999995293952,
        0.25,
        1.8824192205002532e-09,
        0.19634954011013775,
        0.19634954084936207,
        3.764838549900765e-09
    ],
    "0.022000000000000013": [
        0.2499999995294371,
        0.25,
        1.882251576823535e-09,
        0.19634954011020364,
        0.19634954084936207,
        3.764502966042374e-09
    ],
    "0.023000000000000013": [
        0.2499999995294791,
        0.25,
        1.882083600079909e-09,
        0.19634954011026953,
        0.19634954084936207,
        3.764167382183983e-09
    ],
    "0.024000000000000014": [
        0.249999999529521,
        0.25,
        1.8819159564031906e-09,
        0.19634954011033545,
        0.19634954084936207,
        3.763831656967607e-09
    ],
    "0.025000000000000015": [
        0.249999999529521,
        0.25,
        1.8819159564031906e-09,
        0.1963495401103354,
        0.19634954084936207,
        3.763831939683578e-09
    ],
    "0.026000000000000016": [
        0.24999999952952695,
        0.25,
        1.8818921976304637e-09,
        0.19634954011034472,
        0.19634954084936207,
        3.763784443400335e-09
    ],
    "0.027000000000000017": [
        0.24999999952953286,
        0.25,
        1.881868549880039e-09,
        0.19634954011035402,
        0.19634954084936207,
        3.763737088475077e-09
    ],
    "0.028000000000000018": [
        0.24999999952953875,
        0.25,
        1.881845013151917e-09,
        0.1963495401103633,
        0.19634954084936207,
        3.763689874907806e-09
    ],
    "0.02900000000000002": [
        0.2499999995295447,
        0.25,
        1.88182125437919e-09,
        0.1963495401103726,
        0.19634954084936207,
        3.763642519982549e-09
    ],
    "0.03000000000000002": [
        0.2499999995295506,
        0.25,
        1.8817976066287656e-09,
        0.1963495401103819,
        0.19634954084936207,
        3.763595165057292e-09
    ],
    "0.03100000000000002": [
        0.24999999952955654,
        0.25,
        1.8817738478560386e-09,
        0.19634954011039119,
        0.19634954084936207,
        3.763547810132034e-09
    ],
    "0.03200000000000002": [
        0.24999999952956245,
        0.25,
        1.881750200105614e-09,
        0.19634954011040048,
        0.19634954084936207,
        3.763500455206777e-09
    ]
}