{
    "0.0": [
        0.25,
        0.25,
        0.0,
        0.19634954084936207,
        0.19634954084936207,
        0.0
    ],
    "0.001": [
        0.24612602941913805,
        0.24596747752497686,
        0.0006446051151014308,
        0.19031147000772997,
        0.19006635554218249,
        0.0012896257459573404
    ],
    "0.002": [
        0.2421623959388038,
        0.24186773244895646,
        0.0012182835918781165,
        0.18423124305024569,
        0.18378317023500287,
        0.002438051398666496
    ],
    "0.003": [
        0.23811143951417096,
        0.23769728648009425,
        0.0017423549095138577,
        0.17811905972274475,
        0.17749998492782332,
        0.003487745619658308
    ],
    "0.004": [
        0.23397742852239586,
        0.23345235059857505,
        0.002249186707585095,
        0.17198786287882714,
        0.17121679962064373,
        0.0045034322560158395
    ],
    "0.005": [
        0.22976109873915465,
        0.229128784747792,
        0.0027596445032371576,
        0.16584518667240758,
        0.16493361431346412,
        0.005526904644258698
    ],
    "0.006": [
        0.225460313257666,
        0.22472205054244232,
        0.0032852259644375343,
        0.15969454629157986,
        0.15865042900628457,
        0.006581244638512375
    ],
    "0.007": [
        0.22107111603381918,
        0.22022715545545243,
        0.0038322275771185015,
        0.15353729326590762,
        0.15236724369910498,
        0.0076791411224400325
    ],
    "0.008": [
        0.21658834680232128,
        0.21563858652847825,
        0.004404407806288397,
        0.14737371978285552,
        0.14608405839192537,
        0.008828214420701168
    ],
    "0.009000000000000001": [
        0.21200590402115901,
        0.21095023109728986,
        0.005004369601198877,
        0.14120360469695553,
        0.13980087308474579,
        0.01003378291750313
    ],
    "0.010000000000000002": [
        0.20731679074976045,
        0.206155281280883,
        0.005634148500396191,
        0.13502644307429196,
        0.1335176877775662,
        0.011300040630116862
    ],
    "0.011000000000000003": [
        0.20251306023527535,
        0.20124611797498104,
        0.006295486705745119,
        0.12884155141250117,
        0.1272345024703866,
        0.012630606564352432
    ],
    "0.012000000000000004": [
        0.19758566942529526,
        0.19621416870348582,
        0.00698981490924859,
        0.12264808118369432,
        0.120951317163207,
        0.014028487330962774
    ],
    "0.013000000000000005": [
        0.1925242776063206,
        0.19104973174542797,
        0.007718125785475835,
        0.11644500870586875,
        0.11466813185602742,
        0.015495821036591981
    ],
    "0.014000000000000005": [
        0.18731697703267822,
        0.18574175621006708,
        0.008480703826390107,
        0.11023110310938146,
        0.10838494654884782,
        0.017033329990171594
    ],
    "0.015000000000000006": [
        0.18194993317046512,
        0.18027756377319942,
        0.009276636328243519,
        0.10400486952397578,
        0.10210176124166824,
        0.01863932863805361
    ],
    "0.016000000000000007": [
        0.17640691240716075,
        0.17464249196572976,
        0.010103042057927262,
        0.0977644744815104,
        0.09581857593448864,
        0.02030815557467873
    ],
    "0.017000000000000008": [
        0.17066864113313202,
        0.1688194301613413,
        0.010953780438800345,
        0.09150763557941004,
        0.08953539062730906,
        0.022027546183502413
    ],
    "0.01800000000000001": [
        0.16471191978778926,
        0.162788205960997,
        0.011817280099844436,
        0.08523146059156446,
        0.08325220532012946,
        0.02377420830864689
    ],
    "0.01900000000000001": [
        0.1585083870317313,
        0.1565247584249852,
        0.012672938305135738,
        0.07893222878064843,
        0.07696902001294986,
        0.02550647997555718
    ],
    "0.02000000000000001": [
        0.15202270176635643,
        0.14999999999999994,
        0.013484678442376632,
        0.0726050394771541,
        0.07068583470577028,
        0.02715119343744774
    ],
    "0.02100000000000001": [
        0.1452098249093144,
        0.14317821063276345,
        0.014189409600611685,
        0.06624328732918726,
        0.06440264939859068,
        0.02858015854603734
    ],
    "0.022000000000000013": [
        0.13801077216837299,
        0.13601470508735433,
        0.01467537704645021,
        0.05983783118665978,
        0.0581194640914111,
        0.029566120784355665
    ],
    "0.023000000000000013": [
        0.1303456659934782,
        0.1284523257866512,
        0.01473963351953375,
        0.05337563607268367,
        0.0518362787842315,
        0.02969652383535756
    ],
    "0.024000000000000014": [
        0.12210178242031769,
        0.12041594578792283,
        0.014000111209224389,
        0.046837518774425685,
        0.04555309347705191,
        0.028196225532319263
    ],
    "0.025000000000000015": [
        0.11311173147060573,
        0.11180339887498934,
        0.011702082483907935,
        0.04019436515047814,
        0.03926990816987232,
        0.02354110370227608
    ],
    "0.026000000000000016": [
        0.10311116319397241,
        0.10246950765959582,
        0.006261916828059448,
        0.03340113655494568,
        0.032986722862692726,
        0.012563045258480185
    ],
    "0.027000000000000017": [
        0.09165372291735191,
        0.09219544457292869,
        0.005875796337727599,
        0.02639065039833656,
        0.026703537555513135,
        0.011717067692852454
    ],
    "0.028000000000000018": [
        0.07795737902383952,
        0.08062257748298528,
        0.03305771835077122,
        0.019092567362980168,
        0.020420352248333544,
        0.06502262395898353
    ],
    "0.02900000000000002": [
        0.060904655082226485,
        0.06708203932499342,
        0.09208700726641987,
        0.011653351566162788,
        0.014137166941153951,
        0.17569399762555404
    ],
    "0.03000000000000002": [
        0.04105358598052272,
        0.04999999999999961,
        0.17892828038953912,
        0.005294830588098765,
        0.007853981633974359,
        0.32584123125592074
    ],
    "0.03100000000000002": [
        0.02394692332831545,
        0.022360679774996978,
        0.07093896828182122,
        0.0018015624452239233,
        0.0015707963267947672,
        0.14691027378453178
    ],
    "0.03200000000000002": [
        0.013107311845172703,
        0.0,
        1.0,
        0.0005397307192256264,
        0.0,
        1.0
    ]
}