{
    "0.0": [
        0.25,
        0.25,
        0.0,
        0.19634954084936207,
        0.19634954084936207,
        0.0
    ],
    "0.001": [
        0.2500211790251024,
        0.25,
        8.471610040960975e-05,
        0.19638281019336293,
        0.19634954084936207,
        0.0001694393776371599
    ],
    "0.002": [
        0.2500432209247922,
        0.25,
        0.00017288369916879098,
        0.19641743798791325,
        0.19634954084936207,
        0.0003457972871109076
    ],
    "0.003": [
        0.25005689833135014,
        0.25,
        0.00022759332540056576,
        0.1964389267099029,
        0.19634954084936207,
        0.0004552384495230707
    ],
    "0.004": [
        0.25006455670707595,
        0.25,
        0.00025822682830378696,
        0.19645095938050924,
        0.19634954084936207,
        0.000516520337702146
    ],
    "0.005": [
        0.2500689812033452,
        0.25,
        0.0002759248133807901,
        0.19645791121916917,
        0.19634954084936207,
        0.0005519257612638834
    ],
    "0.006": [
        0.2500718599280264,
        0.25,
        0.00028743971210554164,
        0.19646243438306057,
        0.19634954084936207,
        0.0005749620457993123
    ],
    "0.007": [
        0.2500740505178131,
        0.25,
        0.00029620207125247155,
        0.1964658763575981,
        0.19634954084936207,
        0.0005924918781719155
    ],
    "0.008": [
        0.25007595402768307,
        0.25,
        0.000303816110732269,
        0.19646886728094493,
        0.19634954084936207,
        0.000607724525693707
    ],
    "0.009000000000000001": [
        0.25007774896095813,
        0.25,
        0.00031099584383254,
        0.19647168762226355,
        0.19634954084936207,
        0.0006220884060798114
    ],
    "0.010000000000000002": [
        0.25007951176731436,
        0.25,
        0.0003180470692574211,
        0.19647445750292575,
        0.19634954084936207,
        0.0006361952924530302
    ],
    "0.011000000000000003": [
        0.2500812822673561,
        0.25,
        0.00032512906942439024,
        0.19647723949225482,
        0.19634954084936207,
        0.0006503638477602446
    ],
    "0.012000000000000004": [
        0.25008307096454874,
        0.25,
        0.0003322838581949483,
        0.19648005009479447,
        0.19634954084936207,
        0.0006646781289523017
    ],
    "0.013000000000000005": [
        0.25008488264421436,
        0.25,
        0.0003395305768574275,
        0.1964828968304765,
        0.19634954084936207,
        0.0006791764347274491
    ],
    "0.014000000000000005": [
        0.25008671947692146,
        0.25,
        0.0003468779076858386,
        0.19648578311078962,
        0.19634954084936207,
        0.0006938761396548362
    ],
    "0.015000000000000006": [
        0.2500885822846904,
        0.25,
        0.00035432913876154437,
        0.1964887102282885,
        0.19634954084936207,
        0.0007087838266615049
    ],
    "0.016000000000000007": [
        0.25009048381475596,
        0.25,
        0.00036193525902383783,
        0.1964916982144418,
        0.19634954084936207,
        0.0007240015151794137
    ],
    "0.017000000000000008": [
        0.25009241686102335,
        0.25,
        0.00036966744409339114,
        0.19649473574714538,
        0.19634954084936207,
        0.0007394715422059467
    ],
    "0.01800000000000001": [
        0.2500943779175271,
        0.25,
        0.00037751167010835474,
        0.19649781731831098,
        0.19634954084936207,
        0.0007551658552777918
    ],
    "0.01900000000000001": [
        0.2500963754220322,
        0.25,
        0.0003855016881288975,
        0.19650095618809346,
        0.19634954084936207,
        0.0007711519878091127
    ],
    "0.02000000000000001": [
        0.250098404914852,
        0.25,
        0.0003936196594080954,
        0.19650414534984834,
        0.19634954084936207,
        0.0007873942552525632
    ],
    "0.02100000000000001": [
        0.2501004651569716,
        0.25,
        0.00040186062788638566,
        0.19650738285777702,
        0.19634954084936207,
        0.0008038827477373618
    ],
    "0.022000000000000013": [
        0.25010255596478964,
        0.25,
        0.00041022385915856496,
        0.196510668424555,
        0.19634954084936207,
        0.0008206160019317176
    ],
    "0.023000000000000013": [
        0.2501046874701599,
        0.25,
        0.0004187498806396128,
        0.1965140179731298,
        0.19634954084936207,
        0.0008376751127415567
    ],
    "0.024000000000000014": [
        0.2501068540384918,
        0.25,
        0.00042741615396724164,
        0.19651742265055935,
        0.19634954084936207,
        0.0008550149925029949
    ],
    "0.025000000000000015": [
        0.2501090561106183,
        0.25,
        0.0004362244424731543,
        0.19652088315103636,
        0.19634954084936207,
        0.0008726391767105797
    ],
    "0.026000000000000016": [
        0.250111290014235,
        0.25,
        0.00044516005693995275,
        0.19652439370502434,
        0.19634954084936207,
        0.0008905182813562687
    ],
    "0.027000000000000017": [
        0.2501135654119155,
        0.25,
        0.00045426164766193544,
        0.1965279694986932,
        0.19634954084936207,
        0.0009087296489682858
    ],
    "0.028000000000000018": [
        0.25011587723850975,
        0.25,
        0.0004635089540390158,
        0.19653160257381574,
        0.19634954084936207,
        0.0009272327486283824
    ],
    "0.02900000000000002": [
        0.2501182240857644,
        0.25,
        0.00047289634305758277,
        0.19653529071885403,
        0.19634954084936207,
        0.0009460163170662539
    ],
    "0.03000000000000002": [
        0.25012060574510225,
        0.25,
        0.0004824229804090141,
        0.196539033607567,
        0.19634954084936207,
        0.0009650786927498155
    ],
    "0.03100000000000002": [
        0.25012303375698497,
        0.25,
        0.0004921350279398773,
        0.19654284937815317,
        0.19634954084936207,
        0.0009845122527656037
    ],
    "0.03200000000000002": [
        0.250125501703121,
        0.25,
        0.0005020068124839128,
        0.1965467279458436,
        0.19634954084936207,
        0.0010042656358071804
    ]
}