{
    "0.0": [
        0.25,
        0.25,
        0.0,
        0.19634954084936207,
        0.19634954084936207,
        0.0
    ],
    "0.001": [
        0.25,
        0.25,
        0.0,
        0.19634954084936207,
        0.19634954084936207,
        0.0
    ],
    "0.002": [
        0.24999999963920996,
        0.25,
        1.4431601469411248e-09,
        0.19634954028263446,
        0.19634954084936207,
        2.8863200129434828e-09
    ],
    "0.003": [
        0.24999999963921002,
        0.25,
        1.44315992489652e-09,
        0.1963495402826345,
        0.19634954084936207,
        2.886319871585497e-09
    ],
    "0.004": [
        0.2499999996240166,
        0.25,
        1.5039336442868034e-09,
        0.19634954025876872,
        0.19634954084936207,
        3.0078672425023773e-09
    ],
    "0.005": [
        0.24999999959846023,
        0.25,
        1.6061590946137017e-09,
        0.1963495402186249,
        0.19634954084936207,
        3.212317962240385e-09
    ],
    "0.006": [
        0.2499999995749053,
        0.25,
        1.7003788377323303e-09,
        0.1963495401816249,
        0.19634954084936207,
        3.4007574869959335e-09
    ],
    "0.007": [
        0.24999999955077448,
        0.25,
        1.7969020715824513e-09,
        0.19634954014372025,
        0.19634954084936207,
        3.5938042925840572e-09
    ],
    "0.008": [
        0.24999999952609114,
        0.25,
        1.8956354264076936e-09,
        0.19634954010494776,
        0.19634954084936207,
        3.791270938315529e-09
    ],
    "0.009000000000000001": [
        0.24999999952609114,
        0.25,
        1.8956354264076936e-09,
        0.19634954010494776,
        0.19634954084936207,
        3.791270938315529e-09
    ],
    "0.010000000000000002": [
        0.24999999952609114,
        0.25,
        1.8956354264076936e-09,
        0.19634954010494776,
        0.19634954084936207,
        3.791270938315529e-09
    ],
    "0.011000000000000003": [
        0.24999999952655444,
        0.25,
        1.8937822421349892e-09,
        0.19634954010567554,
        0.19634954084936207,
        3.787564390568744e-09
    ],
    "0.012000000000000004": [
        0.24999999952705826,
        0.25,
        1.8917669653006897e-09,
        0.1963495401064669,
        0.19634954084936207,
        3.783533991676394e-09
    ],
    "0.013000000000000005": [
        0.24999999952758917,
        0.25,
        1.8896433306991867e-09,
        0.19634954010730082,
        0.19634954084936207,
        3.779286890991746e-09
    ],
    "0.014000000000000005": [
        0.24999999952813023,
        0.25,
        1.8874790619349824e-09,
        0.19634954010815078,
        0.19634954084936207,
        3.774958085391281e-09
    ],
    "0.015000000000000006": [
        0.24999999952867727,
        0.25,
        1.8852909233757487e-09,
        0.1963495401090101,
        0.19634954084936207,
        3.770581642149587e-09
    ],
    "0.016000000000000007": [
        0.24999999952922738,
        0.25,
        1.8830904613409416e-09,
        0.19634954010987415,
        0.19634954084936207,
        3.7661810266923146e-09
    ],
    "0.017000000000000008": [
        0.24999999952922738,
        0.25,
        1.8830904613409416e-09,
        0.19634954010987415,
        0.19634954084936207,
        3.7661810266923146e-09
    ],
    "0.01800000000000001": [
        0.24999999952926935,
        0.25,
        1.8829225956196183e-09,
        0.19634954010994005,
        0.19634954084936207,
        3.765845442833923e-09
    ],
    "0.01900000000000001": [
        0.2499999995293113,
        0.25,
        1.8827548409205974e-09,
        0.19634954011000594,
        0.19634954084936207,
        3.765509858975532e-09
    ],
    "0.02000000000000001": [
        0.24999999952935326,
        0.25,
        1.882586975199274e-09,
        0.19634954011007186,
        0.19634954084936207,
        3.765174133759156e-09
    ],
    "0.02100000000000001": [
        0.2499999995293952,
        0.25,
        1.8824192205002532e-09,
        0.19634954011013775,
        0.19634954084936207,
        3.764838549900765e-09
    ],
    "0.022000000000000013": [
        0.2499999995294371,
        0.25,
        1.882251576823535e-09,
        0.19634954011020364,
        0.19634954084936207,
        3.764502966042374e-09
    ],
    "0.023000000000000013": [
        0.2499999995294791,
        0.25,
        1.882083600079909e-09,
        0.19634954011026953,
        0.19634954084936207,
        3.764167382183983e-09
    ],
    "0.024000000000000014": [
        0.249999999529521,
        0.25,
        1.8819159564031906e-09,
        0.1963495401103354,
        0.19634954084936207,
        3.763831939683578e-09
    ],
    "0.025000000000000015": [
        0.249999999529521,
        0.25,
        1.8819159564031906e-09,
        0.1963495401103354,
        0.19634954084936207,
        3.763831939683578e-09
    ],
    "0.026000000000000016": [
        0.2499999995295269,
        0.25,
        1.8818924196750686e-09,
        0.1963495401103447,
        0.19634954084936207,
        3.763784584758321e-09
    ],
    "0.027000000000000017": [
        0.24999999952953283,
        0.25,
        1.8818686609023416e-09,
        0.19634954011035397,
        0.19634954084936207,
        3.763737371191049e-09
    ],
    "0.028000000000000018": [
        0.2499999995295387,
        0.25,
        1.881845235196522e-09,
        0.1963495401103632,
        0.19634954084936207,
        3.763690298981764e-09
    ],
    "0.02900000000000002": [
        0.24999999952954463,
        0.25,
        1.881821476423795e-09,
        0.19634954011037253,
        0.19634954084936207,
        3.7636428026985205e-09
    ],
    "0.03000000000000002": [
        0.2499999995295505,
        0.25,
        1.8817980507179755e-09,
        0.19634954011038178,
        0.19634954084936207,
        3.763595730489235e-09
    ],
    "0.03100000000000002": [
        0.24999999952955643,
        0.25,
        1.8817742919452485e-09,
        0.19634954011039107,
        0.19634954084936207,
        3.763548375563978e-09
    ],
    "0.03200000000000002": [
        0.24999999952956234,
        0.25,
        1.881750644194824e-09,
        0.19634954011040034,
        0.19634954084936207,
        3.763501161996706e-09
    ]
}