{
    "0.0": [
        0.25,
        0.25,
        0.0,
        0.19634954084936207,
        0.19634954084936207,
        0.0
    ],
    "0.001": [
        0.2500211790251024,
        0.25,
        8.471610040960975e-05,
        0.19638281019336293,
        0.19634954084936207,
        0.0001694393776371599
    ],
    "0.002": [
        0.25004322092479214,
        0.25,
        0.00017288369916856894,
        0.1964174379879132,
        0.19634954084936207,
        0.0003457972871106249
    ],
    "0.003": [
        0.2500568983313501,
        0.25,
        0.00022759332540034372,
        0.19643892670990284,
        0.19634954084936207,
        0.000455238449522788
    ],
    "0.004": [
        0.2500645567070759,
        0.25,
        0.0002582268283035649,
        0.19645095938050922,
        0.19634954084936207,
        0.0005165203377020046
    ],
    "0.005": [
        0.25006898120334514,
        0.25,
        0.00027592481338056807,
        0.19645791121916914,
        0.19634954084936207,
        0.000551925761263742
    ],
    "0.006": [
        0.25007185992802633,
        0.25,
        0.0002874397121053196,
        0.19646243438306052,
        0.19634954084936207,
        0.0005749620457990295
    ],
    "0.007": [
        0.2500740505178131,
        0.25,
        0.00029620207125247155,
        0.19646587635759805,
        0.19634954084936207,
        0.0005924918781716329
    ],
    "0.008": [
        0.25007595402768307,
        0.25,
        0.000303816110732269,
        0.19646886728094493,
        0.19634954084936207,
        0.000607724525693707
    ],
    "0.009000000000000001": [
        0.2500777489609581,
        0.25,
        0.00031099584383231793,
        0.19647168762226352,
        0.19634954084936207,
        0.00062208840607967
    ],
    "0.010000000000000002": [
        0.25007951176731436,
        0.25,
        0.0003180470692574211,
        0.19647445750292575,
        0.19634954084936207,
        0.0006361952924530302
    ],
    "0.011000000000000003": [
        0.2500812822673561,
        0.25,
        0.00032512906942439024,
        0.19647723949225482,
        0.19634954084936207,
        0.0006503638477602446
    ],
    "0.012000000000000004": [
        0.25008307096454874,
        0.25,
        0.0003322838581949483,
        0.19648005009479447,
        0.19634954084936207,
        0.0006646781289523017
    ],
    "0.013000000000000005": [
        0.25008488264421436,
        0.25,
        0.0003395305768574275,
        0.19648289683047654,
        0.19634954084936207,
        0.0006791764347275905
    ],
    "0.014000000000000005": [
        0.25008671947692146,
        0.25,
        0.0003468779076858386,
        0.19648578311078957,
        0.19634954084936207,
        0.0006938761396545534
    ],
    "0.015000000000000006": [
        0.2500885822846904,
        0.25,
        0.00035432913876154437,
        0.1964887102282885,
        0.19634954084936207,
        0.0007087838266615049
    ],
    "0.016000000000000007": [
        0.25009048381475596,
        0.25,
        0.00036193525902383783,
        0.19649169821444176,
        0.19634954084936207,
        0.0007240015151792723
    ],
    "0.017000000000000008": [
        0.25009241686102335,
        0.25,
        0.00036966744409339114,
        0.19649473574714538,
        0.19634954084936207,
        0.0007394715422059467
    ],
    "0.01800000000000001": [
        0.2500943779175271,
        0.25,
        0.00037751167010835474,
        0.19649781731831098,
        0.19634954084936207,
        0.0007551658552777918
    ],
    "0.01900000000000001": [
        0.2500963754220322,
        0.25,
        0.0003855016881288975,
        0.19650095618809352,
        0.19634954084936207,
        0.0007711519878093953
    ],
    "0.02000000000000001": [
        0.250098404914852,
        0.25,
        0.0003936196594080954,
        0.19650414534984834,
        0.19634954084936207,
        0.0007873942552525632
    ],
    "0.02100000000000001": [
        0.2501004651569716,
        0.25,
        0.00040186062788638566,
        0.19650738285777697,
        0.19634954084936207,
        0.0008038827477370791
    ],
    "0.022000000000000013": [
        0.25010255596478964,
        0.25,
        0.00041022385915856496,
        0.19651066842455503,
        0.19634954084936207,
        0.000820616001931859
    ],
    "0.023000000000000013": [
        0.2501046874701599,
        0.25,
        0.0004187498806396128,
        0.1965140179731298,
        0.19634954084936207,
        0.0008376751127415567
    ],
    "0.024000000000000014": [
        0.2501068540384918,
        0.25,
        0.00042741615396724164,
        0.19651742265055935,
        0.19634954084936207,
        0.0008550149925029949
    ],
    "0.025000000000000015": [
        0.2501090561106183,
        0.25,
        0.0004362244424731543,
        0.19652088315103633,
        0.19634954084936207,
        0.0008726391767104383
    ],
    "0.026000000000000016": [
        0.250111290014235,
        0.25,
        0.00044516005693995275,
        0.1965243937050244,
        0.19634954084936207,
        0.0008905182813565514
    ],
    "0.027000000000000017": [
        0.2501135654119155,
        0.25,
        0.00045426164766193544,
        0.19652796949869322,
        0.19634954084936207,
        0.0009087296489684272
    ],
    "0.028000000000000018": [
        0.2501158772385098,
        0.25,
        0.00046350895403923786,
        0.1965316025738158,
        0.19634954084936207,
        0.0009272327486286652
    ],
    "0.02900000000000002": [
        0.2501182240857644,
        0.25,
        0.00047289634305758277,
        0.19653529071885406,
        0.19634954084936207,
        0.0009460163170663953
    ],
    "0.03000000000000002": [
        0.25012060574510225,
        0.25,
        0.0004824229804090141,
        0.196539033607567,
        0.19634954084936207,
        0.0009650786927498155
    ],
    "0.03100000000000002": [
        0.25012303375698497,
        0.25,
        0.0004921350279398773,
        0.19654284937815317,
        0.19634954084936207,
        0.0009845122527656037
    ],
    "0.03200000000000002": [
        0.250125501703121,
        0.25,
        0.0005020068124839128,
        0.19654672794584363,
        0.19634954084936207,
        0.0010042656358073218
    ]
}