{
    "0.0": [
        0.25,
        0.25,
        0.0,
        0.19634954084936207,
        0.19634954084936207,
        0.0
    ],
    "0.001": [
        0.2500211790251024,
        0.25,
        8.471610040960975e-05,
        0.19638281019336293,
        0.19634954084936207,
        0.0001694393776371599
    ],
    "0.002": [
        0.2500432209247922,
        0.25,
        0.00017288369916879098,
        0.19641743798791325,
        0.19634954084936207,
        0.0003457972871109076
    ],
    "0.003": [
        0.25005689833135014,
        0.25,
        0.00022759332540056576,
        0.1964389267099029,
        0.19634954084936207,
        0.0004552384495230707
    ],
    "0.004": [
        0.25006455670707595,
        0.25,
        0.00025822682830378696,
        0.19645095938050927,
        0.19634954084936207,
        0.0005165203377022874
    ],
    "0.005": [
        0.2500689812033452,
        0.25,
        0.0002759248133807901,
        0.1964579112191692,
        0.19634954084936207,
        0.0005519257612640248
    ],
    "0.006": [
        0.2500718599280264,
        0.25,
        0.00028743971210554164,
        0.19646243438306055,
        0.19634954084936207,
        0.0005749620457991709
    ],
    "0.007": [
        0.2500740505178132,
        0.25,
        0.0002962020712526936,
        0.19646587635759813,
        0.19634954084936207,
        0.0005924918781720569
    ],
    "0.008": [
        0.2500759540276831,
        0.25,
        0.00030381611073249104,
        0.19646886728094504,
        0.19634954084936207,
        0.0006077245256942724
    ],
    "0.009000000000000001": [
        0.25007774896095813,
        0.25,
        0.00031099584383254,
        0.19647168762226364,
        0.19634954084936207,
        0.0006220884060802354
    ],
    "0.010000000000000002": [
        0.2500795117673144,
        0.25,
        0.00031804706925764314,
        0.19647445750292583,
        0.19634954084936207,
        0.0006361952924534542
    ],
    "0.011000000000000003": [
        0.2500812822673561,
        0.25,
        0.00032512906942439024,
        0.19647723949225485,
        0.19634954084936207,
        0.000650363847760386
    ],
    "0.012000000000000004": [
        0.2500830709645488,
        0.25,
        0.00033228385819517037,
        0.19648005009479452,
        0.19634954084936207,
        0.0006646781289525843
    ],
    "0.013000000000000005": [
        0.2500848826442144,
        0.25,
        0.00033953057685764954,
        0.19648289683047657,
        0.19634954084936207,
        0.0006791764347277318
    ],
    "0.014000000000000005": [
        0.2500867194769215,
        0.25,
        0.00034687790768606064,
        0.19648578311078965,
        0.19634954084936207,
        0.0006938761396549775
    ],
    "0.015000000000000006": [
        0.2500885822846904,
        0.25,
        0.00035432913876154437,
        0.19648871022828854,
        0.19634954084936207,
        0.0007087838266616463
    ],
    "0.016000000000000007": [
        0.250090483814756,
        0.25,
        0.0003619352590240599,
        0.19649169821444182,
        0.19634954084936207,
        0.0007240015151795551
    ],
    "0.017000000000000008": [
        0.2500924168610234,
        0.25,
        0.0003696674440936132,
        0.19649473574714543,
        0.19634954084936207,
        0.0007394715422062294
    ],
    "0.01800000000000001": [
        0.25009437791752714,
        0.25,
        0.0003775116701085768,
        0.19649781731831104,
        0.19634954084936207,
        0.0007551658552780745
    ],
    "0.01900000000000001": [
        0.2500963754220323,
        0.25,
        0.00038550168812911956,
        0.19650095618809357,
        0.19634954084936207,
        0.0007711519878096781
    ],
    "0.02000000000000001": [
        0.2500984049148521,
        0.25,
        0.00039361965940831745,
        0.1965041453498484,
        0.19634954084936207,
        0.0007873942552528458
    ],
    "0.02100000000000001": [
        0.25010046515697165,
        0.25,
        0.0004018606278866077,
        0.19650738285777708,
        0.19634954084936207,
        0.0008038827477376445
    ],
    "0.022000000000000013": [
        0.2501025559647897,
        0.25,
        0.000410223859158787,
        0.19651066842455508,
        0.19634954084936207,
        0.0008206160019321417
    ],
    "0.023000000000000013": [
        0.25010468747015996,
        0.25,
        0.00041874988063983487,
        0.19651401797312992,
        0.19634954084936207,
        0.0008376751127421221
    ],
    "0.024000000000000014": [
        0.2501068540384918,
        0.25,
        0.00042741615396724164,
        0.19651742265055938,
        0.19634954084936207,
        0.0008550149925031363
    ],
    "0.025000000000000015": [
        0.2501090561106183,
        0.25,
        0.0004362244424731543,
        0.1965208831510364,
        0.19634954084936207,
        0.0008726391767108624
    ],
    "0.026000000000000016": [
        0.250111290014235,
        0.25,
        0.00044516005693995275,
        0.19652439370502436,
        0.19634954084936207,
        0.00089051828135641
    ],
    "0.027000000000000017": [
        0.2501135654119155,
        0.25,
        0.00045426164766193544,
        0.1965279694986932,
        0.19634954084936207,
        0.0009087296489682858
    ],
    "0.028000000000000018": [
        0.2501158772385098,
        0.25,
        0.00046350895403923786,
        0.1965316025738158,
        0.19634954084936207,
        0.0009272327486286652
    ],
    "0.02900000000000002": [
        0.2501182240857644,
        0.25,
        0.00047289634305758277,
        0.19653529071885406,
        0.19634954084936207,
        0.0009460163170663953
    ],
    "0.03000000000000002": [
        0.25012060574510225,
        0.25,
        0.0004824229804090141,
        0.19653903360756703,
        0.19634954084936207,
        0.0009650786927499569
    ],
    "0.03100000000000002": [
        0.250123033756985,
        0.25,
        0.0004921350279400993,
        0.1965428493781532,
        0.19634954084936207,
        0.000984512252765745
    ],
    "0.03200000000000002": [
        0.250125501703121,
        0.25,
        0.0005020068124839128,
        0.19654672794584366,
        0.19634954084936207,
        0.0010042656358074632
    ]
}